Virus,Antigen,Epitope ID,Sequence,Mapped Start Position,Mapped End Position,Identity,Subjects Tested,Subjects Responded,Assays Positive,Assays Negative,Response Freq.,Lower Bound of 95% CI,Upper Bound of 95% CI
HTL1A,ENV62,94608,MGKFLATLILFFQFCPLIFGDYSPSC,1,26,100%,13,3,1,0,0.23,0.07,0.48
HTL1A,ENV62,41597,MGKFLATLILFFQFCPLILGDYSPSC,1,26,96.15%,6,0,0,1,0,0,0.38
HTL1A,ENV62,19193,GDYSPSCCTLTIGVSSYHSKPGNPAQPVCS,20,49,96.67%,33,4,2,0,0.12,0.04,0.25
HTL1A,ENV62,19192,GDYSPSCCTLTIGVSSYHSKP,20,40,100%,80,5,2,0,0.06,0.03,0.14
HTL1A,ENV62,78162,GDYSPSCCTLTIGVSSYHSKPCNPAQPVCS,20,49,100%,1,1,1,0,1,0.04,1
HTL1A,ENV62,71143,VSSYHSKPCNPAQPV,33,47,100%,1,0,0,1,0,0,0.94
HTL1A,ENV62,62567,SYHSKPCNPAQPVCSWTLDLLAL,35,57,100%,30,10,1,1,0.33,0.19,0.49
HTL1A,ENV62,9157,DLLALSADQALQPPCPNLVSYSS,53,75,100%,30,13,1,1,0.43,0.28,0.59
HTL1A,ENV62,34862,LALSADQALQPPCPNLVSYSSYH,55,77,100%,30,15,2,0,0.5,0.34,0.65
HTL1A,ENV62,71235,VSYSSYHATYSLYLFPHWTKKPNR,71,94,100%,30,2,1,1,0.07,0.01,0.19
HTL1A,ENV62,47861,PHWTKKPNRNGGGYYSASYSDP,86,107,100%,28,13,2,0,0.46,0.3,0.63
HTL1A,ENV62,64604,TKKPNRNGGGYYSASYSDPGSLKCPYL,89,115,96.30%,33,5,2,0,0.15,0.06,0.29
HTL1A,ENV62,64602,TKKPNRNGGGYYSASYSDPCSL,89,110,100%,104,50,2,0,0.48,0.39,0.58
HTL1A,ENV62,78280,TKKPNRNGGGYYSASYSDPGSLKCPVY,89,116,88.89%,1,1,1,0,1,0.04,1
HTL1A,ENV62,32811,KPNRNGGGYYSASYS,91,105,100%,91,38,1,0,0.42,0.32,0.52
HTL1A,ENV62,20108,GGYYSASYSDPCSLK,97,111,100%,10,3,1,0,0.3,0.09,0.59
HTL1A,ENV62,62700,SYSDPCSLKCPYLGCQSWTCPYT,103,125,100%,30,4,1,1,0.13,0.05,0.27
HTL1A,ENV62,47047,PCSLKCPYLGCQSWTCPYTGAVS,107,129,100%,30,13,1,1,0.43,0.28,0.59
HTL1A,ENV62,18895,GCQSWTCPYTGAVSSPYWKFQHDVN,116,140,100%,30,6,1,1,0.2,0.09,0.35
HTL1A,ENV62,61300,SSPYWKFQHDVNFTQEVSRLN,129,149,100%,1,0,0,1,0,0,0.94
HTL1A,ENV62,50996,QHDVNFTQEVSRLNINLHFSKCGFPF,136,161,100%,18,0,0,1,0,0,0.15
HTL1A,ENV62,50995,QHDVNFTQEVSRLNINLHFSKCG,136,158,100%,30,7,1,1,0.23,0.11,0.39
HTL1A,ENV62,17755,FSKCGFPFSLLVDAPGYDPIWFL,154,176,100%,19,0,0,2,0,0,0.14
HTL1A,ENV62,37886,LLVDAPGYDPIWFLNTEPSQLPP,163,185,100%,19,0,0,2,0,0,0.14
HTL1A,ENV62,48016,PIWFLNTEPSQLPPTAPPLLPHS,172,194,100%,30,10,1,1,0.33,0.19,0.49
HTL1A,ENV62,16790,FLNTEPSQLPPTAPPLLPHSNLDHI,175,199,100%,81,66,7,0,0.81,0.72,0.88
HTL1A,ENV62,38346,LNTEPSQLPPTAPPLLPHSNLDHI,176,199,100%,110,84,2,0,0.76,0.68,0.83
HTL1A,ENV62,38345,LNTEPSQLPPTAPP,176,189,100%,1,1,1,0,1,0.04,1
HTL1A,ENV62,46085,NTEPSQLPPTAPPLLPHSNLDHILEPSIPWKSKLLTL,177,213,100%,7,0,0,1,0,0,0.33
HTL1A,ENV62,78454,LPPTAPPLLPHSNLDHILEPSIPW,183,206,100%,1,1,1,0,1,0.04,1
HTL1A,ENV62,48933,PPTAPPLLPHSNL,184,196,100%,1,1,1,0,1,0.04,1
HTL1A,ENV62,969069,PTAPPLLPHSNLDHILEPSI,185,204,100%,1,1,1,0,1,0.04,1
HTL1A,ENV62,969070,PTAPPLLSHSNLDHIL,185,200,93.75%,1,1,1,0,1,0.04,1
HTL1A,ENV62,96102,APPLLPH,187,193,100%,2,2,2,0,1,0.22,1
HTL1A,ENV62,96103,APPLLPHSNLDHI,187,199,100%,1,1,1,0,1,0.04,1
HTL1A,ENV62,78246,PPLLPH,188,193,100%,1,1,1,0,1,0.04,1
HTL1A,ENV62,37660,LLPHSNLDHILEPSIPWKSK,190,209,100%,123,71,4,0,0.58,0.49,0.66
HTL1A,ENV62,37661,LLPHSNLDHILEPSIPWKSKLLT,190,212,100%,110,97,2,0,0.88,0.81,0.93
HTL1A,ENV62,37656,LLPHSNLD,190,197,100%,17,9,1,0,0.53,0.31,0.73
HTL1A,ENV62,38524,LPHSNLDHILEPSIPWKSKLLTLV,191,214,100%,53,49,2,0,0.92,0.82,0.97
HTL1A,ENV62,38522,LPHSNL,191,196,100%,2,2,2,0,1,0.22,1
HTL1A,ENV62,85672,LPHSLNDHILEPSIPWKSK,191,210,89.47%,10,9,1,0,0.9,0.6,0.99
HTL1A,ENV62,47853,PHSNLDH,192,198,100%,97,71,1,0,0.73,0.64,0.81
HTL1A,ENV62,78233,PHSNLDHI,192,199,100%,2,2,1,0,1,0.22,1
HTL1A,ENV62,96367,HSNLDHI,193,199,100%,2,2,2,0,1,0.22,1
HTL1A,ENV62,118146,SNLDHILEPSIP,194,205,100%,1,1,1,0,1,0.04,1
HTL1A,ENV62,35174,LDHILEPSIPWKSK,196,209,100%,17,6,1,0,0.35,0.17,0.57
HTL1A,ENV62,8544,DHILEPSIPWKSKLLTLVQL,197,216,100%,52,10,4,0,0.19,0.11,0.32
HTL1A,ENV62,8545,DHILEPSIPWKSKLLTLVQLTLQSTNYTCIVCIDR,197,231,100%,12,8,1,0,0.67,0.39,0.87
HTL1A,ENV62,117786,DHILEPSIPWKS,197,208,100%,1,1,1,0,1,0.04,1
HTL1A,ENV62,117980,LEPSIPWKSKLL,200,211,100%,1,1,1,0,1,0.04,1
HTL1A,ENV62,58669,SIPWKSK,203,209,100%,17,0,0,1,0,0,0.15
HTL1A,ENV62,118139,SIPWKSKLLTLV,203,214,100%,1,1,1,0,1,0.04,1
HTL1A,ENV62,118221,WKSKLLTLVQLT,206,217,100%,1,1,1,0,1,0.04,1
HTL1A,ENV62,58884,SKLLTLVQLTLQSTNYTCIVCID,208,230,100%,80,45,2,0,0.56,0.45,0.67
HTL1A,ENV62,58883,SKLLTL,208,214,100%,97,84,1,0,0.87,0.78,0.92
HTL1A,ENV62,117960,KLLTLVQLTLQS,209,220,100%,1,1,1,0,1,0.04,1
HTL1A,ENV62,94590,LLTLVQLTLQSTNYTCIVCIDRA,210,232,100%,46,17,2,0,0.37,0.25,0.5
HTL1A,ENV62,40541,LVQLTLQSTNYTCIVCIDRASLST,213,236,100%,53,22,5,0,0.42,0.29,0.55
HTL1A,ENV62,40542,LVQLTLQSTNYTCIVCIDRASLSTWHVLYSPNVSVPSSSSTPLLYPS,213,259,100%,12,10,1,0,0.83,0.56,0.97
HTL1A,ENV62,75984,YTCIVCIDRASLSTWHVLYSP,223,243,100%,110,88,2,0,0.8,0.72,0.86
HTL1A,ENV62,9951,DRASLST,230,236,100%,97,79,1,0,0.81,0.73,0.88
HTL1A,ENV62,78500,RASLSTWHVLYSPNVSVPSS,231,250,100%,1,1,1,0,1,0.04,1
HTL1A,ENV62,39726,LSTWHVLYSPNVSVPSSSSTPLL,234,256,100%,46,20,2,0,0.43,0.31,0.56
HTL1A,ENV62,62003,STWHVLYSPNVSVPSSSSTP,235,254,100%,53,23,5,0,0.43,0.31,0.57
HTL1A,ENV62,78311,WHVLYSP,237,243,100%,2,2,1,0,1,0.22,1
HTL1A,ENV62,69909,VLYSPNVSVPSSSSTPLLYPSLA,239,261,100%,131,117,3,0,0.89,0.83,0.94
HTL1A,ENV62,60170,SPNVSVPSSSSTPLLY,242,257,100%,2,2,2,0,1,0.22,1
HTL1A,ENV62,62291,SVPSSSSTPLLYPSLALPAPHLTLPFNWT,246,274,100%,12,8,1,0,0.67,0.39,0.87
HTL1A,ENV62,65645,TPLLYPSLALPAPHLTLPFNWTHCFDPQIQ,253,282,100%,52,26,4,0,0.5,0.37,0.63
HTL1A,ENV62,65644,TPLLYPSLALPAPHLTLPFNWTH,253,275,100%,12,10,1,0,0.83,0.56,0.97
HTL1A,ENV62,48418,PLLYPS,254,259,100%,91,81,1,0,0.89,0.81,0.94
HTL1A,ENV62,78195,LLYPSLA,255,261,100%,2,0,0,1,0,0,0.76
HTL1A,ENV62,75415,YPSLALPAPHLTLPFNWTHCFDP,257,279,100%,19,0,0,2,0,0,0.14
HTL1A,ENV62,34858,LALPAPHLTLPFNWTHCFDPQIQ,260,282,100%,46,8,1,1,0.17,0.09,0.29
HTL1A,ENV62,78192,LALPAPHLTLPFNWTHCFDPQIQAIVSSPCHNSLI,260,294,100%,1,1,1,0,1,0.04,1
HTL1A,ENV62,65003,TLPFNWTHCFDPQIQAIVS,268,286,100%,10,8,1,0,0.8,0.49,0.96
HTL1A,ENV62,38482,LPFNWTHCFDPQ,269,280,100%,1,1,1,0,1,0.04,1
HTL1A,ENV62,17248,FNWTHCFDPQIQAIVSSPCHNSLILPPFSLSPVPT,271,305,100%,12,6,1,0,0.5,0.24,0.75
HTL1A,ENV62,73133,WTHCFDPQIQAIVSSPCHNSLIL,273,295,100%,110,63,2,0,0.57,0.48,0.66
HTL1A,ENV62,6215,CFDPQIQAIVSSPCHN,276,291,100%,33,10,2,0,0.3,0.17,0.45
HTL1A,ENV62,78153,FDPQIQAIVSSPCHNS,277,292,100%,1,1,1,0,1,0.04,1
HTL1A,ENV62,28133,IQAIVSSP,281,288,100%,97,54,1,0,0.56,0.46,0.65
HTL1A,ENV62,78425,IQAIVSSPCHNSLILPPFSLSPV,281,303,100%,1,1,1,0,1,0.04,1
HTL1A,ENV62,61260,SSPCHNSLILPPFSLSPVPTLGSRS,286,310,100%,46,22,2,0,0.48,0.35,0.6
HTL1A,ENV62,47023,PCHNSLILPPFSLSPVPVPTLGSRRAVPVA,288,318,83.33%,33,18,2,0,0.55,0.39,0.69
HTL1A,ENV62,78224,PCHNSLILPPFSLSPVPTLGSRSRRAVPVA,288,317,100%,2,2,2,0,1,0.22,1
HTL1A,ENV62,45894,NSLILPPFSLSPVPTLGSRSRRA,291,313,100%,110,84,2,0,0.76,0.68,0.83
HTL1A,ENV62,48779,PPFSLSPVPTLGSRSRR,296,312,100%,1,1,1,0,1,0.04,1
HTL1A,ENV62,59467,SLSPVPTLGSRSRRAVPVAV,299,318,100%,7,1,1,0,0.14,0.01,0.5
HTL1A,ENV62,22490,GSRSRRA,307,313,100%,97,76,1,0,0.78,0.69,0.85
HTL1A,ENV62,55950,RSRRAVPVAVWLVSALAMGAGVA,309,331,100%,19,5,1,1,0.26,0.11,0.47
HTL1A,ENV62,18611,GAGVAGGITGSMSLASGKSLLHE,327,349,100%,19,0,0,2,0,0,0.14
HTL1A,ENV62,19891,GGITGSMSLASGKSLLHEVDKD,332,353,100%,52,13,4,0,0.25,0.15,0.38
HTL1A,ENV62,78166,GGITGSMSLASGKSLLHEVDK,332,352,100%,1,1,1,0,1,0.04,1
HTL1A,ENV62,58115,SGKSLLHEVDKDISQLTQAIVK,342,363,100%,10,9,1,0,0.9,0.6,0.99
HTL1A,ENV62,94690,SLLHEVDKDISQLTQAIVKNHKN,345,367,100%,94,43,2,0,0.46,0.36,0.56
HTL1A,ENV62,36373,LHEVDKDI,347,354,100%,81,30,1,0,0.37,0.27,0.48
HTL1A,ENV62,14645,EVDKDISQLTQAIVKNHKNLLKIAQYAAQNRRGLDLLF,349,386,100%,1,1,1,0,1,0.04,1
HTL1A,ENV62,67993,VDKDISQLTQAIVKNHKNLLKIAQYAAQNRRGLDLLF,350,386,100%,51,11,3,0,0.22,0.12,0.35
HTL1A,ENV62,30178,KDISQLTQAIVKNHKNLLKIAQY,352,374,100%,19,6,1,1,0.32,0.15,0.52
HTL1A,ENV62,8785,DISQLTQAIVKNHKNLLK,353,370,100%,10,2,1,0,0.2,0.04,0.49
HTL1A,ENV62,29327,IVKNHKNLLKIAQYAAQNRRGLDLLFWEQGGLCKALQEQCRFPN,361,404,100%,136,136,3,0,1,0.97,1
HTL1A,ENV62,69279,VKNHKNLLKIAQYAAQNRRGLDL,362,384,100%,24,8,1,1,0.33,0.18,0.51
HTL1A,ENV62,32506,KNHKNLLKIAQYAAQNRRGLDLL,363,385,100%,24,10,1,1,0.42,0.25,0.59
HTL1A,ENV62,37441,LLKIAQYAAQNRRGLDLLFWEQG,368,390,100%,30,8,1,1,0.27,0.14,0.42
HTL1A,ENV62,73327,YAAQNRRGLDLLFWEQGGL,374,392,100%,1,1,1,0,1,0.04,1
HTL1A,ENV62,45728,NRRGLDLLFWEQGGLCKALQEQCRF,378,402,100%,7,4,1,0,0.57,0.22,0.86
HTL1A,ENV62,94530,GLDLLFWEQGGLCKALQEQCRFPN,381,404,100%,114,68,2,0,0.6,0.5,0.68
HTL1A,ENV62,35217,LDLLFWEQGGLCKALQEQCRFP,382,403,100%,52,26,4,0,0.5,0.37,0.63
HTL1A,ENV62,13831,EQGGLCKALQEQCRF,388,402,100%,10,0,0,1,0,0,0.25
HTL1A,ENV62,13830,EQGGLCKALQ,388,397,100%,97,57,1,0,0.59,0.49,0.68
HTL1A,ENV62,78492,QGGLCKALQEQCRFPNITNSHVP,389,411,100%,1,1,1,0,1,0.04,1
HTL1A,ENV62,2838,ALQEQCRFPNITNSHVPILQERP,395,417,100%,46,2,1,1,0.04,0.01,0.13
HTL1A,ENV62,50673,QEQCRFPNITNSHVSILQERPPLENRVLTGWGLN,397,430,97.06%,29,20,2,0,0.69,0.52,0.82
HTL1A,ENV62,6919,CRFPNITNSHVPILQERPPLENR,400,422,100%,30,1,1,1,0.03,0,0.14
HTL1A,ENV62,78114,CRFPNITNSHVPILQERPPLENRVLTGWGL,400,429,100%,1,1,1,0,1,0.04,1
HTL1A,ENV62,6918,CRFPNITNSHVPILQE,400,415,100%,1,0,0,1,0,0,0.94
HTL1A,ENV62,47925,PILQERPPLENR,411,422,100%,1,0,0,1,0,0,0.94
HTL1A,ENV62,48309,PLENRVLTGWGLNWDLGLSQWAR,418,440,100%,86,10,2,0,0.12,0.06,0.2
HTL1A,ENV62,23247,GWGLNWDLGLSQWAREALQTGIT,426,448,100%,19,13,2,0,0.68,0.47,0.85
HTL1A,ENV62,72481,WGLNWDLGLSQWAREALQTGITL,427,449,100%,30,10,2,0,0.33,0.19,0.49
HTL1A,ENV62,60591,SQWAREALQTGITLVALLLLVIL,436,458,100%,80,5,1,1,0.06,0.03,0.14
HTL1A,ENV62,37899,LLVILAGPCILRQLRHLPSRVRY,454,476,100%,104,33,2,0,0.32,0.24,0.41
HTL1A,ENV62,34791,LAGPCILRQLRHLPSRVRYPHYSLIKPESSL,458,488,100%,52,25,4,0,0.48,0.35,0.61
HTL1A,ENV62,34790,LAGPCILRQLRHLPSRVR,458,475,100%,10,0,0,1,0,0,0.25
HTL1A,ENV62,6429,CILRQLRHLPSRVRYPHYS,462,480,100%,1,1,1,0,1,0.04,1
HTL1A,ENV62,94658,QLRHLPSRVRYPHYSLIKPESSL,466,488,100%,104,74,2,0,0.71,0.62,0.79
HTL1A,ENV62,70858,VRYPHYSLIKPESSL,474,488,100%,91,65,1,0,0.71,0.61,0.8
HTL1A,ENV62,56614,RYPHYSLIKPESSL,475,488,100%,1,1,1,0,1,0.04,1
